{
  "training": {
    "iteration": [
      0,
      1,
      2,
      3,
      4,
      5,
      6,
      7,
      8,
      9,
      10,
      11,
      12,
      13,
      14,
      15,
      16,
      17,
      18,
      19,
      20,
      21,
      22,
      23,
      24,
      25,
      26,
      27,
      28,
      29,
      30,
      31,
      32,
      33,
      34,
      35,
      36,
      37,
      38,
      39,
      40,
      41,
      42,
      43,
      44,
      45,
      46,
      47,
      48,
      49,
      50,
      51,
      52,
      53,
      54,
      55,
      56,
      57,
      58,
      59,
      60,
      61,
      62,
      63,
      64,
      65,
      66,
      67,
      68,
      69,
      70,
      71,
      72,
      73,
      74,
      75,
      76,
      77,
      78,
      79,
      80,
      81,
      82,
      83,
      84,
      85,
      86,
      87,
      88,
      89,
      90,
      91,
      92,
      93,
      94,
      95,
      96,
      97,
      98,
      99
    ],
    "cost_estimate_std": [
      0.04998106610891477,
      0.05932513260785363,
      0.05137641950083997,
      0.059853809785344186,
      0.05854688154848652,
      0.042279625415893626,
      0.051720143079020175,
      0.0371013085663761,
      0.05351138275897512,
      0.05018595419011711,
      0.052331781550285394,
      0.0440815505468467,
      0.05753739730488835,
      0.0524241569758052,
      0.0495715533100174,
      0.05429299879943659,
      0.04288812053098579,
      0.03972185502278102,
      0.05580618997983191,
      0.0543800245774332,
      0.056676875831924996,
      0.05673111703219469,
      0.05263644301437897,
      0.04776347867132476,
      0.05653742085758613,
      0.043680848667036545,
      0.05419621706313624,
      0.05718376545193757,
      0.04739506646858564,
      0.04452200860304189,
      0.051264759822067504,
      0.045151941462327636,
      0.05435349269958796,
      0.04703086240209965,
      0.05068366127123506,
      0.05879857323009608,
      0.04094290214375578,
      0.04615394542056246,
      0.053410582075043005,
      0.052469453476502365,
      0.051248653066589815,
      0.04383506178728146,
      0.04205201924203581,
      0.024146997692604595,
      0.052484482200166924,
      0.04246347080607306,
      0.06500874377860788,
      0.04531012831734033,
      0.05951035599798909,
      0.05414960842138392,
      0.05136220052165346,
      0.05848280206918562,
      0.05226219478879032,
      0.029833255748751883,
      0.0366606231758123,
      0.042922766318326144,
      0.04422804731883713,
      0.04233712961149384,
      0.04292545914450943,
      0.056905281352802733,
      0.04455363493618637,
      0.05415447544884659,
      0.04968305244898128,
      0.05151777896334528,
      0.05534964955323564,
      0.05903293333114172,
      0.04627823974817493,
      0.045531507536946236,
      0.04374724205686259,
      0.03952571554772645,
      0.05314762208358702,
      0.06688823575722729,
      0.04385674653046878,
      0.055727214030880774,
      0.05435088915694,
      0.04814660524314727,
      0.050656679036737894,
      0.04068150338245128,
      0.046767791849714815,
      0.04774640423729541,
      0.04742163528059482,
      0.048162890809516155,
      0.04656203124504772,
      0.04465611206967015,
      0.047350788471816695,
      0.04570678302428293,
      0.05751349738973089,
      0.046821535735815004,
      0.0436081999082479,
      0.048099414301767174,
      0.048668854232741615,
      0.04934813092389211,
      0.055343431220790384,
      0.03654851317450113,
      0.05845381374502124,
      0.06013558784157298,
      0.06348379778604817,
      0.04996184704092029,
      0.05597911973397381,
      0.05202125414829303
    ],
    "cost_estimate": [
      0.04314949131415536,
      0.041877753931718574,
      0.035141075184750056,
      0.04368849805711458,
      0.048003718784699834,
      0.04571096950288241,
      0.03858492217647532,
      0.0498429368250072,
      0.049920621223282065,
      0.06273531429469585,
      0.05238515064896395,
      0.03511342396183561,
      0.05022781604590515,
      0.03373483669323226,
      0.05224691551023473,
      0.04885120669690271,
      0.04431540693234031,
      0.042729201943924024,
      0.030366028379648923,
      0.03954679799887041,
      0.038573313190136106,
      0.04532980081858113,
      0.05015029960001508,
      0.04859866131252299,
      0.04076364343830694,
      0.032470665914782634,
      0.052523438942444045,
      0.04170925399133315,
      0.05352619166563575,
      0.04918704051524401,
      0.04896243126131594,
      0.05632448247245823,
      0.035230723279528316,
      0.03802014745306224,
      0.041748507181182504,
      0.042244850362961495,
      0.06020022155717015,
      0.02978140646591783,
      0.041982186430444324,
      0.055176149145700036,
      0.0552788877976127,
      0.037227314361371104,
      0.04724290313509603,
      0.037676600529812275,
      0.03933432227931916,
      0.046477819730838144,
      0.03892915037771066,
      0.033587064151652156,
      0.04296103109857844,
      0.04962783679366112,
      0.05472785890257607,
      0.05139829002243156,
      0.05118557312525809,
      0.0393158937105909,
      0.053205157591340445,
      0.0303211118793115,
      0.02585446722029398,
      0.04407863198624303,
      0.04323702071172495,
      0.0352704736792172,
      0.05067553540575318,
      0.03884466628854474,
      0.04313527664441305,
      0.04643619906467696,
      0.0391351913024361,
      0.03107804259901362,
      0.04747449655551463,
      0.044897034849661094,
      0.05206583144414859,
      0.06068680095486343,
      0.049147717910818754,
      0.03583971214247868,
      0.03866465407869934,
      0.05198021563701332,
      0.050762163622615236,
      0.04250407939543948,
      0.05988202685160407,
      0.04835948403536653,
      0.0481631986796856,
      0.03935655378227238,
      0.028112073816979926,
      0.0450133089228378,
      0.04123918784316629,
      0.04878494283184409,
      0.033884811960160736,
      0.0408199525050198,
      0.04936154108387806,
      0.0499984518547232,
      0.04312764980131761,
      0.03828665715215417,
      0.044161243709580356,
      0.049941502463479996,
      0.04662446058355271,
      0.05255873479569952,
      0.0509059536891679,
      0.028917315136641263,
      0.04476221484752992,
      0.05447694810378986,
      0.03295696430529157,
      0.050193498814041955
    ],